brand_id,brand_name,industry_major,industry_mid,year,n_stores,deterioration_1y,risk_grade,startup_cost_mkrw,exposure_mkrw,exposure_ekw,exposure_share,is_stressed,det_stressed,startup_total,deterioration_rank_pct,el_lgd30_mkrw,stress_el_lgd30_mkrw,el_lgd45_mkrw,stress_el_lgd45_mkrw,el_lgd60_mkrw,stress_el_lgd60_mkrw,exposure_basis,exposure_is_synthetic
BRD_20200564,롯데프레시(LOTTE FRESH),도소매,종합소매점,2023,135.0,0.017966257307426983,Low,599.808,7287.667199999999,72.87667199999999,0.15104975915968497,False,0.017966257307426983,599808.0,0.21019108280254778,39.27963122582877,39.27963122582877,58.919446838743156,58.919446838743156,78.55926245165755,78.55926245165755,disclosed_startup_cost,False
BRD_20150811,디저트39,외식,커피,2023,529.0,0.11795436577887718,Low,151.8,7227.198000000001,72.27198000000001,0.14979642831376236,False,0.11795436577887718,151800.0,0.5692675159235668,255.74386693451092,255.74386693451092,383.6158004017664,383.6158004017664,511.48773386902184,511.48773386902184,disclosed_startup_cost,False
BRD_20080100328,죽이야기,외식,한식,2023,346.0,0.029538851241781502,Low,85.49,2662.1585999999998,26.621585999999997,0.055177933396146864,False,0.029538851241781502,85490.0,0.2961783439490446,23.591132060228787,23.591132060228787,35.38669809034318,35.38669809034318,47.182264120457575,47.182264120457575,disclosed_startup_cost,False
BRD_20190630,배떡,외식,분식,2023,418.0,0.11795502297525556,Low,68.3,2569.446,25.69446,0.053256301203465486,False,0.11795502297525556,68300.0,0.6377388535031847,90.92371858910354,90.92371858910354,136.38557788365532,136.38557788365532,181.8474371782071,181.8474371782071,disclosed_startup_cost,False
BRD_20080100639,오피스디포(Office DEPOT),도소매,기타도소매,2023,118.0,0.00030019356852950356,Low,221.05,2347.551,23.47551,0.0486571358753975,False,0.00030019356852950356,221050.0,0.013535031847133758,0.21141591359850137,0.21141591359850137,0.3171238703977521,0.3171238703977521,0.42283182719700274,0.42283182719700274,disclosed_startup_cost,False
BRD_20080200033,조마루감자탕,외식,한식,2023,162.0,0.017965473667089796,Low,154.478,2252.28924,22.5228924,0.046682667844649924,False,0.017965473667089796,154478.0,0.1265923566878981,12.139032909566906,12.139032909566906,18.20854936435036,18.20854936435036,24.27806581913381,24.27806581913381,disclosed_startup_cost,False
BRD_20180649,어라운드스터디카페(A.round study cafe),서비스,기타 서비스,2023,122.0,0.31250928972837966,High,173.8,1908.324,19.08324,0.039553381444016364,True,0.4687639345925695,173800.0,0.9426751592356688,178.91069334348612,268.3660400152292,268.3660400152292,402.5490600228438,357.82138668697223,536.7320800304584,disclosed_startup_cost,False
NAME:카페베네@외식,카페베네,외식,음료 (커피 외),2023,119.0,0.31250954886044335,High,175.5,1879.6049999999998,18.796049999999997,0.0389581295047803,True,0.46876432329066503,175500.0,0.9657643312101911,176.21835317575008,264.3275297636251,264.32752976362514,396.4912946454377,352.43670635150016,528.6550595272502,disclosed_startup_cost,False
BRD_20090100419,이가자헤어비스,서비스,이미용,2023,114.0,0.029539441313589182,Low,169.6,1740.0959999999995,17.400959999999994,0.03606655936686175,False,0.029539441313589182,169600.0,0.3646496815286624,15.42043910160338,15.42043910160338,23.13065865240507,23.13065865240507,30.84087820320676,30.84087820320676,disclosed_startup_cost,False
BRD_20090100195,국수나무,외식,분식,2023,255.0,0.00030039025913206367,Low,72.03,1653.0885,16.530885,0.034263175436255504,False,0.00030039025913206367,72030.0,0.026273885350318472,0.14897150486497032,0.14897150486497032,0.2234572572974555,0.2234572572974555,0.29794300972994064,0.29794300972994064,disclosed_startup_cost,False
BRD_20080100573,나이스가이,서비스,이미용,2023,230.0,0.11795508853878975,Low,51.5,1066.05,10.660499999999999,0.02209576690771255,False,0.11795508853878975,51500.0,0.643312101910828,37.723806641033036,37.723806641033036,56.58570996154956,56.58570996154956,75.44761328206607,75.44761328206607,disclosed_startup_cost,False
BRD_20100100423,웰킨두피탈모센터,서비스,기타 서비스,2023,52.0,0.01796631038266894,Low,224.1,1048.7879999999998,10.487879999999997,0.021737981505188336,False,0.01796631038266894,224100.0,0.21894904458598727,5.652855220085577,5.652855220085577,8.479282830128366,8.479282830128366,11.305710440171154,11.305710440171154,disclosed_startup_cost,False
BRD_20150816,윤선생우리집앞영어교실,서비스,교육 (외국어),2023,688.0,0.1460746370853168,Medium,16.794,1039.88448,10.398844799999999,0.021553440346163757,False,0.1460746370853168,16794.0,0.7372611464968153,45.57022440799601,45.57022440799601,68.35533661199402,68.35533661199402,91.14044881599202,91.14044881599202,disclosed_startup_cost,False
BRD_20200365,맛있는 고기에 솜씨를 더하다,외식,한식,2023,79.0,0.017965291025815993,Low,142.7,1014.5969999999999,10.145969999999998,0.02102931271259737,False,0.017965291025815993,142700.0,0.09872611464968153,5.4682591136759475,5.4682591136759475,8.202388670513923,8.202388670513923,10.936518227351895,10.936518227351895,disclosed_startup_cost,False
BRD_20190909,무지개맥주,외식,주점,2023,103.0,0.15182168696846654,Medium,88.55,820.8584999999999,8.208585,0.017013740518938662,False,0.15182168696846654,88550.0,0.7802547770700637,37.387236669721496,37.387236669721496,56.08085500458225,56.08085500458225,74.77447333944299,74.77447333944299,disclosed_startup_cost,False
BRD_20110100125,커피스미스,외식,기타 외식,2023,33.0,0.11795508697775323,Low,252.215,749.0785499999998,7.4907854999999985,0.015525974425559117,False,0.11795508697775323,252215.0,0.642515923566879,26.507287655525776,26.507287655525776,39.760931483288665,39.760931483288665,53.01457531105155,53.01457531105155,disclosed_startup_cost,False
BRD_20090600074,개정,외식,한식,2023,23.0,0.02953956775754797,Low,349.0,722.43,7.2242999999999995,0.014973636215129475,False,0.02953956775754797,349000.0,0.37420382165605093,6.402080980525614,6.402080980525614,9.603121470788421,9.603121470788421,12.804161961051229,12.804161961051229,disclosed_startup_cost,False
BRD_20201295,기파랑문해원,서비스,교육 (교과),2023,48.0,0.02953892461049833,Low,138.7,599.1839999999999,5.991839999999999,0.012419145442362773,False,0.02953892461049833,138700.0,0.3049363057324841,5.309775301145048,5.309775301145048,7.964662951717572,7.964662951717572,10.619550602290095,10.619550602290095,disclosed_startup_cost,False
BRD_20211774,육회바른연어,외식,기타 외식,2023,75.0,0.029539149399758397,Low,72.125,486.84375,4.8684375,0.010090695577577677,False,0.029539149399758397,72125.0,0.32961783439490444,4.314285079676588,4.314285079676588,6.471427619514882,6.471427619514882,8.628570159353176,8.628570159353176,disclosed_startup_cost,False
BRD_20180711,비스트로피자,외식,패스트푸드,2023,87.0,0.029539055737566704,Low,60.97,477.39509999999996,4.773950999999999,0.009894855637619365,False,0.029539055737566704,60970.0,0.3184713375796178,4.230540140322368,4.230540140322368,6.345810210483553,6.345810210483553,8.461080280644737,8.461080280644737,disclosed_startup_cost,False
BRD_20141179,소담촌,외식,기타 외식,2023,96.0,0.017965211412953052,Low,53.06,458.43839999999994,4.584383999999999,0.009501944587913033,False,0.017965211412953052,53060.0,0.08837579617834394,2.4707828327447805,2.4707828327447805,3.706174249117171,3.706174249117171,4.941565665489561,4.941565665489561,disclosed_startup_cost,False
BRD_20201339,마요네즈 (mayonnaise),외식,일식,2023,39.0,0.08219673555185848,Low,121.7,427.16700000000003,4.27167,0.008853789655894983,False,0.08219673555185848,121700.0,0.5039808917197452,10.53351988064422,10.53351988064422,15.800279820966333,15.800279820966333,21.06703976128844,21.06703976128844,disclosed_startup_cost,False
BRD_20140422,홍익궁중전통육개장,외식,한식,2023,37.0,0.11795497614415971,Low,127.29,423.8757,4.238757,0.00878557165709253,False,0.11795497614415971,127290.0,0.6313694267515924,14.999474424476698,14.999474424476698,22.49921163671505,22.49921163671505,29.998948848953397,29.998948848953397,disclosed_startup_cost,False
BRD_20150356,순남시래기,외식,기타 외식,2023,41.0,0.1460749196329284,Medium,113.3,418.07699999999994,4.180769999999999,0.008665383369894225,False,0.1460749196329284,113300.0,0.76671974522293,18.32116925261274,18.32116925261274,27.48175387891911,27.48175387891911,36.64233850522548,36.64233850522548,disclosed_startup_cost,False
BRD_20200015,장가네 일품순두부,외식,한식,2023,27.0,0.01796525668301237,Low,159.1,386.61299999999994,3.8661299999999996,0.008013236463103486,False,0.01796525668301237,159100.0,0.09315286624203821,2.083680534596838,2.083680534596838,3.125520801895257,3.125520801895257,4.167361069193676,4.167361069193676,disclosed_startup_cost,False
BRD_20160063,엉터리생고기 두번째이야기 무한삼겹,외식,기타 외식,2023,33.0,0.40000977833281304,High,119.4,354.618,3.54618,0.007350083644556268,True,0.6000146674992195,119400.0,0.982484076433121,42.555200271847646,63.832800407771465,63.83280040777148,95.7492006116572,85.11040054369529,127.66560081554293,disclosed_startup_cost,False
BRD_20200165,텐코인,서비스,오락,2023,25.0,0.14607500080682786,Medium,157.4,354.15,3.5414999999999996,0.007340383518940387,False,0.14607500080682786,157400.0,0.7722929936305732,15.519738460721424,15.519738460721424,23.279607691082138,23.279607691082138,31.039476921442848,31.039476921442848,disclosed_startup_cost,False
BRD_20201595,"쉼, 어묵 그리고 한잔 술",외식,주점,2023,50.0,0.14607492275500145,Medium,75.7,340.65,3.4065,0.007060572203097678,False,0.14607492275500145,75700.0,0.767515923566879,14.92812673094737,14.92812673094737,22.392190096421057,22.392190096421057,29.85625346189474,29.85625346189474,disclosed_startup_cost,False
BRD_20161022,뼈큰감자탕,외식,한식,2023,23.0,0.21250829534811114,Medium,164.5,340.515,3.40515,0.0070577740899392515,False,0.21250829534811114,164500.0,0.8519108280254777,21.708678657138616,21.708678657138616,32.56301798570793,32.56301798570793,43.41735731427723,43.41735731427723,disclosed_startup_cost,False
BRD_20191322,선식당,외식,서양식,2023,27.0,0.029538411029480533,Low,124.3,302.049,3.0204899999999997,0.00626049838066476,False,0.029538411029480533,124300.0,0.24522292993630573,2.676614253913069,2.676614253913069,4.014921380869604,4.014921380869604,5.353228507826138,5.353228507826138,disclosed_startup_cost,False
BRD_20190381,온기정,외식,일식,2023,21.0,0.14607446068818908,Medium,156.05,294.9345,2.949345,0.006113037817215654,False,0.14607446068818908,156050.0,0.7125796178343949,12.92471940775221,12.92471940775221,19.387079111628317,19.387079111628317,25.84943881550442,25.84943881550442,disclosed_startup_cost,False
BRD_20210462,오늘도 한우,외식,한식,2023,23.0,0.22728157210569636,High,141.35,292.5944999999999,2.925944999999999,0.006064537189136249,False,0.22728157210569636,141350.0,0.9004777070063694,19.950401384844046,19.950401384844046,29.925602077266074,29.925602077266074,39.90080276968809,39.90080276968809,disclosed_startup_cost,False
BRD_20200343,미도인(味道人),외식,기타 외식,2023,26.0,0.08219674023496806,Low,124.59,291.5406,2.915406,0.006042693252412796,False,0.08219674023496806,124590.0,0.5047770700636943,7.189106089844018,7.189106089844018,10.783659134766028,10.783659134766028,14.378212179688036,14.378212179688036,disclosed_startup_cost,False
BRD_20201117,오레노카츠,외식,일식,2023,28.0,0.029538979246776818,Low,114.76,289.1952,2.891952,0.005994080699807057,False,0.029538979246776818,114760.0,0.31130573248407645,2.562759303320241,2.562759303320241,3.844138954980362,3.844138954980362,5.125518606640482,5.125518606640482,disclosed_startup_cost,False
BRD_20080200009,베스트올,도소매,편의점,2023,33.0,0.1702205664569785,Medium,94.2,279.77399999999994,2.7977399999999992,0.00579880970952429,False,0.1702205664569785,94200.0,0.7977707006369427,14.286986627980408,14.286986627980408,21.430479941970614,21.430479941970614,28.573973255960816,28.573973255960816,disclosed_startup_cost,False
BRD_20214653,효자동솥뚜껑삼겹살감자탕순대국,외식,한식,2023,43.0,0.14607466986708387,Medium,71.2,275.544,2.7554399999999997,0.005711135497226909,False,0.14607466986708387,71200.0,0.7380573248407644,12.074999650156727,12.074999650156727,18.11249947523509,18.11249947523509,24.149999300313453,24.149999300313453,disclosed_startup_cost,False
BRD_20211235,샤오바오우육면,외식,중식,2023,37.0,0.14607445132196992,Medium,79.8,265.734,2.6573399999999996,0.005507805941047874,False,0.14607445132196992,79800.0,0.7109872611464968,11.645084474277704,11.645084474277704,17.467626711416557,17.467626711416557,23.290168948555408,23.290168948555408,disclosed_startup_cost,False
BRD_20150473,밥맛나는세상,외식,한식,2023,32.0,0.21250842491414298,Medium,70.12,201.9456,2.019456,0.004185678819603355,False,0.21250842491414298,70120.0,0.8606687898089171,12.874542412302468,12.874542412302468,19.3118136184537,19.3118136184537,25.749084824604935,25.749084824604935,disclosed_startup_cost,False
BRD_20190292,25센치,외식,일식,2023,32.0,0.21250816266000624,Medium,69.3,199.58399999999997,1.9958399999999998,0.004136730493418603,False,0.21250816266000624,69300.0,0.8359872611464968,12.723968740900403,12.723968740900403,19.085953111350605,19.085953111350605,25.447937481800807,25.447937481800807,disclosed_startup_cost,False
BRD_20120100380,홍탕,외식,중식,2023,56.0,0.14607487124079602,Medium,39.6,199.58399999999997,1.9958399999999998,0.004136730493418603,False,0.14607487124079602,39600.0,0.7635350318471338,8.746262130516907,8.746262130516907,13.119393195775363,13.119393195775363,17.492524261033815,17.492524261033815,disclosed_startup_cost,False
NAME:슈슈앤크라@도소매,슈슈앤크라,도소매,의류 / 패션,2023,20.0,0.14607450595824842,Medium,102.867,185.1606,1.8516059999999999,0.003837780083572253,False,0.14607450595824842,102867.0,0.7181528662420382,8.114172950379855,8.114172950379855,12.171259425569783,12.171259425569783,16.22834590075971,16.22834590075971,disclosed_startup_cost,False
BRD_20170446,스파게티스토리,외식,기타 외식,2023,40.0,0.07895195162429958,Low,50.62,182.23199999999997,1.8223199999999997,0.0037770796821221075,False,0.07895195162429958,50620.0,0.46735668789808915,4.316271614519807,4.316271614519807,6.474407421779711,6.474407421779711,8.632543229039614,8.632543229039614,disclosed_startup_cost,False
BRD_20212154,부뚜막김치찜,외식,한식,2023,76.0,0.21250845145176397,Medium,25.65,175.44599999999997,1.7544599999999997,0.0036364278606918396,False,0.21250845145176397,25650.0,0.8646496815286624,11.185127332021851,11.185127332021851,16.777690998032778,16.777690998032778,22.370254664043703,22.370254664043703,disclosed_startup_cost,False
BRD_20080200081,ScentOn(센트온),서비스,기타 서비스,2023,85.0,0.1460745168855041,Medium,21.7,166.005,1.66005,0.0034407464804791727,False,0.1460745168855041,21700.0,0.7189490445859873,7.274730052673432,7.274730052673432,10.912095079010149,10.912095079010149,14.549460105346864,14.549460105346864,disclosed_startup_cost,False
BRD_20160808,칠프로칠백식당,외식,기타 외식,2023,19.0,0.02954001733606811,Low,95.0,162.45,1.6244999999999998,0.0033670628339739256,False,0.02954001733606811,95000.0,0.428343949044586,1.4396327448732793,1.4396327448732793,2.159449117309919,2.159449117309919,2.8792654897465586,2.8792654897465586,disclosed_startup_cost,False
BRD_20190644,클린보이,서비스,기타 서비스,2023,40.0,0.07895172683503951,Low,44.0,158.4,1.584,0.0032831194392211136,False,0.07895172683503951,44000.0,0.44904458598726116,3.751786059201078,3.751786059201078,5.627679088801617,5.627679088801617,7.503572118402156,7.503572118402156,disclosed_startup_cost,False
BRD_20180722,꼬레랑,외식,치킨,2023,18.0,0.14607438107532614,Low,87.45,141.669,1.41669,0.0029363399484533836,False,0.14607438107532614,87450.0,0.697452229299363,6.208263447768114,6.208263447768114,9.312395171652172,9.312395171652172,12.416526895536228,12.416526895536228,disclosed_startup_cost,False
BRD_20200125,킹스꼬마김밥,외식,분식,2023,36.0,0.40000979706525136,High,37.92,122.8608,1.228608,0.002546506823221322,True,0.600014695597877,37920.0,0.9848726114649682,14.743657102582329,22.115485653873495,22.115485653873495,33.173228480810245,29.487314205164658,44.23097130774699,disclosed_startup_cost,False
BRD_20200253,배씨상회,외식,한식,2023,22.0,0.17022041503643526,Medium,57.1,113.058,1.1305800000000001,0.00234332649974407,False,0.17022041503643526,57100.0,0.7834394904458599,5.77343390495679,5.77343390495679,8.660150857435186,8.660150857435186,11.54686780991358,11.54686780991358,disclosed_startup_cost,False
BRD_20080500003,대관령양푼이동태찌개,외식,한식,2023,14.0,0.11795493399617346,Low,83.697,105.45822,1.0545822,0.002185807652194803,False,0.11795493399617346,83697.0,0.6265923566878981,3.7317952138361816,3.7317952138361816,5.597692820754273,5.597692820754273,7.463590427672363,7.463590427672363,disclosed_startup_cost,False
BRD_20160549,노랑강정,외식,기타 외식,2023,20.0,0.3125091679675304,High,53.25,95.85,0.9584999999999999,0.0019866603424832305,True,0.4687637519512956,53250.0,0.9323248407643312,8.986201124906337,13.479301687359504,13.479301687359506,20.218952531039257,17.972402249812674,26.958603374719008,disclosed_startup_cost,False
BRD_20150761,이용민의 유성닭발,외식,한식,2023,16.0,0.11795481691843383,Low,65.626,94.50143999999999,0.9450143999999999,0.001958709057439316,False,0.11795481691843383,65626.0,0.6146496815286624,3.3440700161185077,3.3440700161185077,5.016105024177762,5.016105024177762,6.6881400322370155,6.6881400322370155,disclosed_startup_cost,False
BRD_20140338,왕순이주먹밥김밥,외식,분식,2023,22.0,0.017966191743892794,Low,47.6,94.248,0.9424800000000001,0.0019534560663365627,False,0.017966191743892794,47600.0,0.20063694267515925,0.5079832918435224,0.5079832918435224,0.7619749377652837,0.7619749377652837,1.0159665836870448,1.0159665836870448,disclosed_startup_cost,False
BRD_20170186,달곰김밥,외식,기타 외식,2023,15.0,0.029538150336380315,Low,66.19,89.35649999999998,0.8935649999999998,0.0018520710995628875,False,0.029538150336380315,66190.0,0.22452229299363058,0.7918277191598302,0.7918277191598302,1.1877415787397454,1.1877415787397454,1.5836554383196604,1.5836554383196604,disclosed_startup_cost,False
BRD_20170402,엉클부대찌개,외식,기타 외식,2023,13.0,0.1179553726474379,Low,73.05,85.46849999999999,0.8546849999999999,0.0017714854406001876,False,0.1179553726474379,73050.0,0.6703821656050956,3.0244406301352638,3.0244406301352638,4.536660945202896,4.536660945202896,6.0488812602705275,6.0488812602705275,disclosed_startup_cost,False
BRD_20140071,서가원김밥,외식,한식,2023,11.0,0.31250956603184515,High,82.5,81.675,0.81675,0.0016928584608483866,True,0.46876434904776776,82500.0,0.9689490445859873,7.657265641695286,11.485898462542929,11.485898462542929,17.228847693814394,15.314531283390572,22.971796925085858,disclosed_startup_cost,False
BRD_20150724,오부장치킨,외식,치킨,2023,30.0,0.017966004419509404,Low,29.1,78.57,0.7857,0.0016285018582045635,False,0.017966004419509404,29100.0,0.18152866242038215,0.4234766901722561,0.4234766901722561,0.6352150352583842,0.6352150352583842,0.8469533803445122,0.8469533803445122,disclosed_startup_cost,False
BRD_20190571,꼬꼬STORY(꼬꼬스토리),외식,기타 외식,2023,18.0,0.11795435797369452,Low,42.9,69.49799999999999,0.6949799999999999,0.0014404686539582633,False,0.11795435797369452,42900.0,0.5668789808917197,2.4592775911367464,2.4592775911367464,3.68891638670512,3.68891638670512,4.918555182273493,4.918555182273493,disclosed_startup_cost,False
BRD_20220395,쌍둥이숯불두마리치킨,외식,치킨,2023,27.0,0.02953923681780398,Low,23.28,56.5704,0.565704,0.0011725213379072859,False,0.02953923681780398,23280.0,0.34156050955414013,0.5013139327433694,0.5013139327433694,0.7519708991150543,0.7519708991150543,1.0026278654867389,1.0026278654867389,disclosed_startup_cost,False
BRD_20221027,정우의 도시락,외식,기타 외식,2023,33.0,0.21250822354043084,Medium,13.2,39.20399999999999,0.39203999999999994,0.0008125720612072255,False,0.21250822354043084,13200.0,0.8415605095541401,2.4993517187037146,2.4993517187037146,3.749027578055572,3.749027578055572,4.998703437407429,4.998703437407429,disclosed_startup_cost,False
